{
  "content": [
    {
      "path": "manifest.json",
      "size": 300,
      "date": 132437615088126976
    },
    {
      "path": "Missions/geehalel/BushTrips/testmission/images/Activity_Widget.jpg",
      "size": 151981,
      "date": 132437658685090046
    },
    {
      "path": "Missions/geehalel/BushTrips/testmission/images/testmission_Briefing.jpg",
      "size": 2082724,
      "date": 132437646174591932
    },
    {
      "path": "Missions/geehalel/BushTrips/testmission/images/testmission_Loading.jpg",
      "size": 1500328,
      "date": 132437647169219655
    },
    {
      "path": "Missions/geehalel/BushTrips/testmission/LATUQUE.FLT",
      "size": 9019,
      "date": 132437664170905108
    },
    {
      "path": "Missions/geehalel/BushTrips/testmission/Overview.htm",
      "size": 825,
      "date": 132437663342582257
    },
    {
      "path": "Missions/geehalel/BushTrips/testmission/testmission.spb",
      "size": 4184,
      "date": 132437577664585450
    },
    {
      "path": "Missions/geehalel/BushTrips/testmission/testmission_edition.spb",
      "size": 603,
      "date": 132437577664645395
    }
  ]
}