{
  "content": [
    {
      "path": "manifest.json",
      "size": 308,
      "date": 132441030661004172
    },
    {
      "path": "Missions/geehalel/BushTrips/stlaurent/images/Activity_Widget.jpg",
      "size": 139691,
      "date": 132441009789977179
    },
    {
      "path": "Missions/geehalel/BushTrips/stlaurent/images/charlevoix.png",
      "size": 1319696,
      "date": 132440591494045882
    },
    {
      "path": "Missions/geehalel/BushTrips/stlaurent/images/chicoutimi.png",
      "size": 1335271,
      "date": 132440587782524381
    },
    {
      "path": "Missions/geehalel/BushTrips/stlaurent/images/grandes-bergeronnes.png",
      "size": 998285,
      "date": 132440588617731931
    },
    {
      "path": "Missions/geehalel/BushTrips/stlaurent/images/Loading.jpg",
      "size": 666737,
      "date": 132441010830359552
    },
    {
      "path": "Missions/geehalel/BushTrips/stlaurent/images/pintendre.png",
      "size": 740493,
      "date": 132440593115877811
    },
    {
      "path": "Missions/geehalel/BushTrips/stlaurent/stlaurent.flt",
      "size": 15469,
      "date": 132441041130525099
    },
    {
      "path": "Missions/geehalel/BushTrips/stlaurent/stlaurent.pln",
      "size": 6723,
      "date": 132441017692957991
    },
    {
      "path": "Missions/geehalel/BushTrips/stlaurent/stlaurent.spb",
      "size": 17851,
      "date": 132440598534678846
    }
  ]
}